{"dataArray":[{"title":"Talk about \"Diffusion Kernels in Protein Location Prediction, Disease Progression Modeling...\"","url":"upcoming-events\/talk-about-diffusion-kernels-in-protein-location-prediction,-disease-progression-modeling.html","date":"18\/12\/2018"},{"title":"Victory Day Celebration 2018 at NSU","url":"upcoming-events\/victory-day-celebration-2018-at-nsu.html","date":"13\/12\/2018"},{"title":"Invitation to Club Fair 2018","url":"upcoming-events\/invitation-to-club-fair-2018.html","date":"11\/12\/2018"},{"title":"Grand Finale of EconProdigy by YEF","url":"upcoming-events\/grand-finale-of-econprodigy-by-yef.html","date":"09\/12\/2018"},{"title":"Training on Scientific Writing","url":"upcoming-events\/training-on-scientific-writing.html","date":"05\/12\/2018"},{"title":"Instability of the non-isothermal inclined film flow of a power-law fluid with temperature dependent consistency.","url":"upcoming-events\/seminar-mat.html","date":"04\/12\/2018"},{"title":"Prevention of Drug Abuse and Terrorism","url":"upcoming-events\/prevdrugabuse.html","date":"28\/11\/2018"},{"title":"NSULMS Street Law and Community Lawyering","url":"upcoming-events\/streetlawevent.html","date":"23\/11\/2018"},{"title":"NSU Law Lecture Series: Military Law and the Role of Jag Officers of Bangladesh Army","url":"upcoming-events\/lectureseries-military-law.html","date":"05\/11\/2018"},{"title":"Seminar on Peace and Conflict to celebrate the UN Day organized by (UNHCR)","url":"upcoming-events\/seminar-on-peace-and-conflict.html","date":"15\/10\/2018"},{"title":"Discussion Session on BRI","url":"upcoming-events\/discussion-session-on-bri.html","date":"14\/10\/2018"},{"title":"Launching Ceremony of SIPG","url":"upcoming-events\/launching-ceremony-of-sipg.html","date":"11\/10\/2018"},{"title":"Orientation Program - Fall 2018","url":"upcoming-events\/orientation-program-fall-2018.html","date":"22\/09\/2018"},{"title":"Library Orientation - Fall 2018 (September 23, 24 & 27, 2018)","url":"upcoming-events\/library-orientation-fall-2018.html","date":"12\/09\/2018"},{"title":"Brick Manufacturing and Public Health in Bangladesh","url":"upcoming-events\/oea-13082018.html","date":"13\/08\/2018"},{"title":"Democracy and Elections: Importance of Voting Among Youth","url":"upcoming-events\/oea-17072018.html","date":"17\/07\/2018"},{"title":"Opportunities to Study in France, French & Scholarships","url":"upcoming-events\/stududyfrance.html","date":"08\/07\/2018"},{"title":"Unity on Earth, Unity in Orbit","url":"upcoming-events\/unity-on-earth-unity-in-orbit.html","date":"01\/07\/2018"},{"title":"Launching of Philosophy Anthology","url":"upcoming-events\/launching-of-philosophy-anthology.html","date":"26\/06\/2018"},{"title":"Panel Discussion\u200b with USAID","url":"upcoming-events\/panel-discussion\u200b-with-usaid.html","date":"26\/06\/2018"}]}