{"dataArray":[{"title":"Admission Test Result - Spring 2019: MS in Economics & MDA Program","url":"nsu-announcements\/admission-test-result-spring-2019-ms-in-economics-and-mda-program.html","date":"13\/12\/2018"},{"title":"MPH Admission Test Result - Spring 2019","url":"nsu-announcements\/mph-admission-test-result-spring-2019.html","date":"13\/12\/2018"},{"title":"MESM Admission Result- Spring 2019","url":"nsu-announcements\/mesm-191.html","date":"13\/12\/2018"},{"title":"Admission Test Result: MS in Biotechnology program - Spring 2019","url":"nsu-announcements\/ms-biotech-191.html","date":"13\/12\/2018"},{"title":"Written results of MBA Admission Test - Spring 2019","url":"nsu-announcements\/mba-test-191.html","date":"12\/12\/2018"},{"title":"Master of Laws (LL.M)Admission Test Result, Spring 2019","url":"nsu-announcements\/written-results-of-mba-admission-test-spring-2019.html","date":"12\/12\/2018"},{"title":"Admission Test Result of MS-CSE MS-ETE MS-EEE - Spring 2019","url":"nsu-announcements\/ece-191.html","date":"12\/12\/2018"},{"title":"MA in English Admission Test Result : Spring 2019","url":"nsu-announcements\/eng-atr-191.html","date":"12\/12\/2018"},{"title":"Final Exam Schedule- Fall 2018","url":"nsu-announcements\/final-exam-schedule-fall-2018.html","date":"10\/12\/2018"},{"title":"MBA and EMBA Interview Schedule - Spring 2019","url":"nsu-announcements\/mba-and-emba-interview-schedule-spring-2019.html","date":"06\/12\/2018"},{"title":"Result of tuition fee waiver based on Undergraduate Admission Test, Spring 2019","url":"nsu-announcements\/financial-aid-tuition-fee-waiver-result-spring-2019.html","date":"03\/12\/2018"},{"title":"Document Verification Schedule Spring - 2019","url":"nsu-announcements\/191-docverification.html","date":"29\/11\/2018"},{"title":"Undergraduate Admission Test Result (Spring 2019)   Published","url":"nsu-announcements\/undergraduate-admission-test-(spring-2019)-result-published.html","date":"27\/11\/2018"},{"title":"Attention BUS 498 Students - Exit Assessment Test Information.","url":"nsu-announcements\/bus498-2811208.html","date":"26\/11\/2018"},{"title":"Admission Test (Spring 2019): Vehicle and Parking Direction","url":"nsu-announcements\/admtest-191.html","date":"23\/11\/2018"},{"title":"Attention BUS 498 Students - Exit Assessment Test Announcement","url":"nsu-announcements\/bus498-0511-2018.html","date":"05\/11\/2018"},{"title":"Undergraduate Admission Test (24th November 2018) - Spring 2019","url":"nsu-announcements\/undergraduate-191.html","date":"31\/10\/2018"},{"title":"NSU Admissions: Apply Online","url":"nsu-announcements\/apply-online-191.html","date":"31\/10\/2018"},{"title":"Graduate Admission Test (07th December 2018) - Spring 2019","url":"nsu-announcements\/graduate-admission-spring-191.html","date":"25\/10\/2018"},{"title":"Course drop and make online payment - Fall 2018","url":"nsu-announcements\/course-drop-and-make-online-payment-fall-2018.html","date":"24\/09\/2018"}]}