[{"LocalObservationDateTime":"2018-12-15T20:20:00+06:00","EpochTime":1544883600,"WeatherText":"Partly cloudy","WeatherIcon":35,"HasPrecipitation":false,"PrecipitationType":null,"IsDayTime":false,"Temperature":{"Metric":{"Value":22.2,"Unit":"C","UnitType":17},"Imperial":{"Value":72.0,"Unit":"F","UnitType":18}},"RealFeelTemperature":{"Metric":{"Value":22.9,"Unit":"C","UnitType":17},"Imperial":{"Value":73.0,"Unit":"F","UnitType":18}},"RealFeelTemperatureShade":{"Metric":{"Value":22.9,"Unit":"C","UnitType":17},"Imperial":{"Value":73.0,"Unit":"F","UnitType":18}},"RelativeHumidity":68,"DewPoint":{"Metric":{"Value":16.1,"Unit":"C","UnitType":17},"Imperial":{"Value":61.0,"Unit":"F","UnitType":18}},"Wind":{"Direction":{"Degrees":0,"Localized":"N","English":"N"},"Speed":{"Metric":{"Value":0.0,"Unit":"km/h","UnitType":7},"Imperial":{"Value":0.0,"Unit":"mi/h","UnitType":9}}},"WindGust":{"Speed":{"Metric":{"Value":0.0,"Unit":"km/h","UnitType":7},"Imperial":{"Value":0.0,"Unit":"mi/h","UnitType":9}}},"UVIndex":0,"UVIndexText":"Low","Visibility":{"Metric":{"Value":3.2,"Unit":"km","UnitType":6},"Imperial":{"Value":2.0,"Unit":"mi","UnitType":2}},"ObstructionsToVisibility":"H","CloudCover":45,"Ceiling":{"Metric":{"Value":5852.0,"Unit":"m","UnitType":5},"Imperial":{"Value":19200.0,"Unit":"ft","UnitType":0}},"Pressure":{"Metric":{"Value":1019.0,"Unit":"mb","UnitType":14},"Imperial":{"Value":30.09,"Unit":"inHg","UnitType":12}},"PressureTendency":{"LocalizedText":"Rising","Code":"R"},"Past24HourTemperatureDeparture":{"Metric":{"Value":0.0,"Unit":"C","UnitType":17},"Imperial":{"Value":0.0,"Unit":"F","UnitType":18}},"ApparentTemperature":{"Metric":{"Value":22.8,"Unit":"C","UnitType":17},"Imperial":{"Value":73.0,"Unit":"F","UnitType":18}},"WindChillTemperature":{"Metric":{"Value":22.2,"Unit":"C","UnitType":17},"Imperial":{"Value":72.0,"Unit":"F","UnitType":18}},"WetBulbTemperature":{"Metric":{"Value":18.4,"Unit":"C","UnitType":17},"Imperial":{"Value":65.0,"Unit":"F","UnitType":18}},"Precip1hr":{"Metric":{"Value":0.0,"Unit":"mm","UnitType":3},"Imperial":{"Value":0.0,"Unit":"in","UnitType":1}},"PrecipitationSummary":{"Precipitation":{"Metric":{"Value":0.0,"Unit":"mm","UnitType":3},"Imperial":{"Value":0.0,"Unit":"in","UnitType":1}},"PastHour":{"Metric":{"Value":0.0,"Unit":"mm","UnitType":3},"Imperial":{"Value":0.0,"Unit":"in","UnitType":1}},"Past3Hours":{"Metric":{"Value":0.0,"Unit":"mm","UnitType":3},"Imperial":{"Value":0.0,"Unit":"in","UnitType":1}},"Past6Hours":{"Metric":{"Value":0.0,"Unit":"mm","UnitType":3},"Imperial":{"Value":0.0,"Unit":"in","UnitType":1}},"Past9Hours":{"Metric":{"Value":0.0,"Unit":"mm","UnitType":3},"Imperial":{"Value":0.0,"Unit":"in","UnitType":1}},"Past12Hours":{"Metric":{"Value":0.0,"Unit":"mm","UnitType":3},"Imperial":{"Value":0.0,"Unit":"in","UnitType":1}},"Past18Hours":{"Metric":{"Value":0.0,"Unit":"mm","UnitType":3},"Imperial":{"Value":0.0,"Unit":"in","UnitType":1}},"Past24Hours":{"Metric":{"Value":0.0,"Unit":"mm","UnitType":3},"Imperial":{"Value":0.0,"Unit":"in","UnitType":1}}},"TemperatureSummary":{"Past6HourRange":{"Minimum":{"Metric":{"Value":22.2,"Unit":"C","UnitType":17},"Imperial":{"Value":72.0,"Unit":"F","UnitType":18}},"Maximum":{"Metric":{"Value":26.2,"Unit":"C","UnitType":17},"Imperial":{"Value":79.0,"Unit":"F","UnitType":18}}},"Past12HourRange":{"Minimum":{"Metric":{"Value":18.5,"Unit":"C","UnitType":17},"Imperial":{"Value":65.0,"Unit":"F","UnitType":18}},"Maximum":{"Metric":{"Value":26.7,"Unit":"C","UnitType":17},"Imperial":{"Value":80.0,"Unit":"F","UnitType":18}}},"Past24HourRange":{"Minimum":{"Metric":{"Value":16.0,"Unit":"C","UnitType":17},"Imperial":{"Value":61.0,"Unit":"F","UnitType":18}},"Maximum":{"Metric":{"Value":26.7,"Unit":"C","UnitType":17},"Imperial":{"Value":80.0,"Unit":"F","UnitType":18}}}},"MobileLink":"http://m.accuweather.com/en/bd/banani-model-town/27905/current-weather/27905?lang=en-us","Link":"http://www.accuweather.com/en/bd/banani-model-town/27905/current-weather/27905?lang=en-us"}]