{"Headline":{"EffectiveDate":"2018-12-17T13:00:00+06:00","EffectiveEpochDate":1545030000,"Severity":3,"Text":"Rain from Monday afternoon to Tuesday afternoon can lead to flooding","Category":"rain","EndDate":"2018-12-18T19:00:00+06:00","EndEpochDate":1545138000,"MobileLink":"http://m.accuweather.com/en/bd/banani-model-town/27905/extended-weather-forecast/27905?unit=c&lang=en-us","Link":"http://www.accuweather.com/en/bd/banani-model-town/27905/daily-weather-forecast/27905?unit=c&lang=en-us"},"DailyForecasts":[{"Date":"2018-12-15T07:00:00+06:00","EpochDate":1544835600,"Temperature":{"Minimum":{"Value":19.1,"Unit":"C","UnitType":17},"Maximum":{"Value":26.7,"Unit":"C","UnitType":17}},"Day":{"Icon":4,"IconPhrase":"Intermittent clouds"},"Night":{"Icon":38,"IconPhrase":"Mostly cloudy"},"Sources":["AccuWeather"],"MobileLink":"http://m.accuweather.com/en/bd/banani-model-town/27905/daily-weather-forecast/27905?day=1&unit=c&lang=en-us","Link":"http://www.accuweather.com/en/bd/banani-model-town/27905/daily-weather-forecast/27905?day=1&unit=c&lang=en-us"},{"Date":"2018-12-16T07:00:00+06:00","EpochDate":1544922000,"Temperature":{"Minimum":{"Value":18.2,"Unit":"C","UnitType":17},"Maximum":{"Value":22.7,"Unit":"C","UnitType":17}},"Day":{"Icon":7,"IconPhrase":"Cloudy"},"Night":{"Icon":7,"IconPhrase":"Cloudy"},"Sources":["AccuWeather"],"MobileLink":"http://m.accuweather.com/en/bd/banani-model-town/27905/daily-weather-forecast/27905?day=2&unit=c&lang=en-us","Link":"http://www.accuweather.com/en/bd/banani-model-town/27905/daily-weather-forecast/27905?day=2&unit=c&lang=en-us"},{"Date":"2018-12-17T07:00:00+06:00","EpochDate":1545008400,"Temperature":{"Minimum":{"Value":17.6,"Unit":"C","UnitType":17},"Maximum":{"Value":20.6,"Unit":"C","UnitType":17}},"Day":{"Icon":12,"IconPhrase":"Showers"},"Night":{"Icon":18,"IconPhrase":"Rain"},"Sources":["AccuWeather"],"MobileLink":"http://m.accuweather.com/en/bd/banani-model-town/27905/daily-weather-forecast/27905?day=3&unit=c&lang=en-us","Link":"http://www.accuweather.com/en/bd/banani-model-town/27905/daily-weather-forecast/27905?day=3&unit=c&lang=en-us"},{"Date":"2018-12-18T07:00:00+06:00","EpochDate":1545094800,"Temperature":{"Minimum":{"Value":16.1,"Unit":"C","UnitType":17},"Maximum":{"Value":21.4,"Unit":"C","UnitType":17}},"Day":{"Icon":18,"IconPhrase":"Rain"},"Night":{"Icon":38,"IconPhrase":"Mostly cloudy"},"Sources":["AccuWeather"],"MobileLink":"http://m.accuweather.com/en/bd/banani-model-town/27905/daily-weather-forecast/27905?day=4&unit=c&lang=en-us","Link":"http://www.accuweather.com/en/bd/banani-model-town/27905/daily-weather-forecast/27905?day=4&unit=c&lang=en-us"},{"Date":"2018-12-19T07:00:00+06:00","EpochDate":1545181200,"Temperature":{"Minimum":{"Value":13.0,"Unit":"C","UnitType":17},"Maximum":{"Value":25.2,"Unit":"C","UnitType":17}},"Day":{"Icon":5,"IconPhrase":"Hazy sunshine"},"Night":{"Icon":37,"IconPhrase":"Hazy moonlight"},"Sources":["AccuWeather"],"MobileLink":"http://m.accuweather.com/en/bd/banani-model-town/27905/daily-weather-forecast/27905?day=5&unit=c&lang=en-us","Link":"http://www.accuweather.com/en/bd/banani-model-town/27905/daily-weather-forecast/27905?day=5&unit=c&lang=en-us"}]}