{"current":[{"title":"Partly cloudy","time":"2018-12-15T20:20:00+06:00","icon":35,"temp":"22","realfeel":"23","forecast":"[{\"min\":\"19\",\"max\":\"27\",\"icon\":4,\"date\":\"2018-12-15T07:00:00+06:00\",\"title\":\"Intermittent clouds\"},{\"min\":\"18\",\"max\":\"23\",\"icon\":7,\"date\":\"2018-12-16T07:00:00+06:00\",\"title\":\"Cloudy\"},{\"min\":\"18\",\"max\":\"21\",\"icon\":12,\"date\":\"2018-12-17T07:00:00+06:00\",\"title\":\"Showers\"},{\"min\":\"16\",\"max\":\"21\",\"icon\":18,\"date\":\"2018-12-18T07:00:00+06:00\",\"title\":\"Rain\"},{\"min\":\"13\",\"max\":\"25\",\"icon\":5,\"date\":\"2018-12-19T07:00:00+06:00\",\"title\":\"Hazy sunshine\"}]"}]}