14-Sep-18,Friday,Last day of grade submission (Summer 2018)
17-Sep-18,Monday,Online course registration for existing regular and probation students for  Fall 2018 starts
20-Sep-18,Thursday,Online course registration for existing regular and probation students end
21-Sep-18,Friday,Holiday-Ashura
22-Sep-18,Saturday,Orientation for newly admitted undergraduate & graduate students
23-Sep-18,Sunday,Course registration for newly admitted students
24-Sep-18,Monday,Section cancellation and merging
25-Sep-18,Tuesday,Classes beginOnline drop of courses start
30-Sep-18,Sunday,Last day of online drop of courses
3-Oct-18,Wednesday,Last day of payment without late fee
4-Oct-18,Thursday,"Payment of tuition with late fee of Tk.2,000/- starts"
8-Oct-18,Monday,"Last day of payment with late fee of Tk.2,000/-Last day of withdraw with 50% refund"
9-Oct-18,Tuesday,"Payment with late fee of Tk. 2,000/- +Tk. 100/- per day starts"
14-Oct-18,Sunday,Last day of payment for financial aid recipients without late fee
16-19-Oct-18,Tue-Friday,Holiday-Durgapuja
20-Oct-18,Saturday,RA regular classes
21-Nov-18,Wednesday,Holiday-Eid-e-Miladunnabi
24-Nov-18,Saturday,Undergraduate Admission Test for Spring 2019
7-Dec-18,Friday,Graduate Admission Test for Spring 2019
8-Dec-18,Saturday,Last day to withdraw with W
9-Dec-18,Sunday,Online Teaching Evaluation starts
16-Dec-18,Sunday,Holiday-Victory Day
17-Dec-18,Monday,Last day of MW classes
18-Dec-18,Tuesday,Last day of ST classes
19-Dec-18,Wednesday,"Last day of RA classes,Teaching Evaluation end"
20-Dec-18,Thursday,No classes-Reading / Makeup
21-Dec-18,Friday,Final exams start
25-Dec-18,Tuesday,Holiday-Christmas Day
27-Dec-18,Thursday,Final exams ends
8-Jan-19,Tuesday,Last day of grade submission (Fall 2018)